id,name_en,name_pt,class,set,actions,range,damage,move,lethal,ap,rules_en,rules_pt,image
walker,Walker,Lerdo,walker,Black Plague,1,0,1,1,1,1,Standard Walker.,Lerdo Comum.,https://static.wikia.nocookie.net/zombicide/images/c/ce/Walker_BP.png
runner,Runner,Corredor,runner,Black Plague,2,0,1,1,1,1,Standard Runner.,Corredor Comum.,https://static.wikia.nocookie.net/zombicide/images/7/7b/Runner_BP.png
brute,Brute,Bruto,brute,Black Plague,1,0,1,1,2,1,Standard Brute.,Bruto Comum.,https://static.wikia.nocookie.net/zombicide/images/8/85/Brute_BP.png
standard_necromancer,Standard Necromancer,Necromante Padrão,necromancer,Black Plague,1,0,1,1,1,1,Standard Necromancer Rules.,Regras básicas de Necromante.,https://static.wikia.nocookie.net/zombicide/images/e/e1/Necromancer_BP.png
standard_abomination,Standard Abomination,Abominação Padrão,abomination,Black Plague,1,0,1,1,3,5,Standard Abomination Rules.,Regras básicas de Abominação.,https://static.wikia.nocookie.net/zombicide/images/1/1d/Abomination_BP.png
zombie_wolfz,Zombie Wolfz,Loboz Zumbis,wolfz,Wulfsburg,3,0,1,1,1,1,3 Actions per Activation.,3 Ações por Ativação.,https://static.wikia.nocookie.net/zombicide/images/3/31/Zombie_Wulfz.png
wolfbomination,Wolfbomination,Lobomição,abomination,Wulfsburg,3,0,1,1,3,5,3 Actions per Activation.,3 Ações por Ativação.,https://static.wikia.nocookie.net/zombicide/images/b/b4/Wolfbomination.png
npc_walker,NPC Walker,Lerdo NPC,walker,NPC-1; NPC-2; Huntsman Pack,1,0,1,1,1,1,Stack NPCs killed by the survivor with the dashboard. Trade five different for an Vault Card.,Acumule NPCs abatidos pelo Sobrevivente ao lado do tabuleiro. Troque cinco diferentes por uma Carta de Cripta.,https://static.wikia.nocookie.net/zombicide/images/e/e2/BP_NPCs_02.png
abominotaur,Abominotaur,Abominatouro,abomination,Zombie Bosses Abomination Pack,1,0,2,1,3,5,Breaks walls and doors while mooving.,Quebra paredes e portas enquanto se move.,https://static.wikia.nocookie.net/zombicide/images/6/6b/Abominotaur_ZB.png
ablobination,Ablobination,Abolhominável,abomination,Zombie Bosses Abomination Pack,1,0-1,1,1,3,5,Hits everyone in the range.,Acerta todos em seu alcance.,https://static.wikia.nocookie.net/zombicide/images/9/92/Ablobination_ZB.png
abominatroll,Abominatroll,Abominatrol,abomination,Zombie Bosses Abomination Pack,1/3,0,1,1,0,5,Can only be killed by Dragon Fire. Have 3 Actions to spend whenever they activate while having a Line Of Sight on a Survivor.,Só pode ser abatido com Fogo de Dragão. Possui 3 Ações caso possua Linha de Visão a pelo menos um Sobrevivente no inicio de sua Ativação.,https://static.wikia.nocookie.net/zombicide/images/a/ad/Abominatroll_ZB.png
deadeye_walker,Deadeye Walker,Lerdo Arqueiro,walker,Deadeye Walkers,1,0-3,1,1,1,1,"Attack whenever they activate while having a Line Of Sight on a Survivor (or more) at Range 0-3. Then, they perform a standard Zombie Attack on the designated Zone. If several Zones are eligible, they choose their target according to these priorities: The Zone with the most Survivors. The noisiest Zone. If all eligible Zones have the same amount of Survivors and Noise, the players choose.","Ataca sempre que ativar enquanto houver Lina de Visão de um Sobrevivente (ou mais) no Alcance 0-3. Então realizam um Ataque Comum de Zumbi na Zona alvo. Se houverem várias Zonas, eles escolhem de acordo com estas prioridades: A Zona com mais sobreviventes. A Zona mais barulhenta. Se todas as Zonas elegíveis possuírem a mesma quantidade de Sobreviventes e Barulho os jogadores decidem.",https://static.wikia.nocookie.net/zombicide/images/9/9b/DeadeyeWalker.png
murder_of_crowz,Murder of Crowz,Bando de Corvoz,murder_of_crowz,Murder of Crowz,1,0,1,3,1,1,Ignores all obstacles. 3 zone movement,Ignora todos os obstáculos. 3 zonas por movimento.,https://static.wikia.nocookie.net/zombicide/images/f/ff/MurderOfCrowz_MC.png
abominalpha,Abominalpha,Abominalfa,abomination,Knight Pack,3,0,1,1,3,5,"3 Actions. As long as an Abominalpha is on the board, when Runners (of any type) are spawned, spawn the same number of Zombie Wolfz instead.","3 Ações. Enquanto Abominalfa estiver em jogo, sempre que houver uma entrada de Corredores, coloque Loboz Zumbis no lugar.",https://static.wikia.nocookie.net/zombicide/images/5/55/Abominalpha_KP.png
abominarat,Abominarat,Abominarato,abomination,Knight Pack; Abominarat and Dr Stormcrow Box,1,0,1,1,3,5,"When an Abominarat Spawn Card is drawn, it spawns 1 Zone away from the noisiest Zone on the board, in a Zone with an open passage to it.","Quando Abominarato entra, sua entrada será a uma zona de distância da zona mais barulhenta do tabuleiro, com passagem livre para ela.",https://static.wikia.nocookie.net/zombicide/images/0/0f/Abominarat_KP.png
grin,Grin,Grin,necromancer,Knight Pack; Grin and Scowl Box,1,0,1,2,1,1,2 zone movement.,2 zonas por movimento.,https://static.wikia.nocookie.net/zombicide/images/c/c9/Grin.png
to_me_ku_pa,To-Me Ku-Pa,To-Me Ku-Pa,necromancer,Special Guest Carl Critchlow,1,0,1,1,1,1,Spawns with a Standard Abomination. If none are available: extra Activation for all Standard Abominations.,Entra em jogo com uma Abominação Padrão. Se nenhuma estiver disponível: Ativação extra para todas Abominações Padrão.,https://static.wikia.nocookie.net/zombicide/images/b/b1/ToMeKuPa.png
the_blackheart,The Blackheart,The Blackheart,necromancer,Special Guest Stefan Kopinski,1,0,1,1,2,1,Need 2 damage to be killed.,Precisa de 2 de dano para ser eliminado.,https://static.wikia.nocookie.net/zombicide/images/2/2c/TheBlackheart.png
ostokar,Ostokar,Ostokar,necromancer,Special Guest Naïade,1,0,1,1,1,1,"Each time he gets an Extra Activation, all Zombies in his Zone also get an Extra Activation.","Sempre que ele ganhar uma Ativação extra, todos os zumbis em sua zona também ganham.",https://static.wikia.nocookie.net/zombicide/images/a/a8/Ostokar.png
queen_medea,Queen Medea,Queen Medea,necromancer,Huntsman Pack,1,0,1,1,1,1,Cannot be eliminated if there are other Zombies in her Zone. Dragon Fire eliminates her as normal.,Não pode ser eliminada se houver outros Zumbis em sua zona. Fogo de Dragão funciona normalmente.,https://static.wikia.nocookie.net/zombicide/images/5/58/QueenMedea.png
evil_troy,Evil Troy,Evil Troy,necromancer,Huntsman Pack; Evil Troy Box,1,0,1,1,1,1,"When killed, put him back in his Spawn Zone and don't remove a Spawn Token, unless a Damage 3 (or more) Attack, or Dragon Fire, was used.",Quando eliminado o coloque de volta em sua Zona de aparecimento a menos que um ataque de dano 3 ou Fogo de Dragão tenha sido utilizado.,https://static.wikia.nocookie.net/zombicide/images/c/c9/EvilTroy.png
erik_the_summoner,Erik the Summoner,Erik o Invocador,necromancer,Erik the Summoner Box,1,0,1,1,1,1,"His Necromancer spawn zone moves along with his miniature. If he escapes, the spawn zone stays.","Sua zona de entrada de Necromante se move com ele. Se ele escapar, a zona continua.",https://static.wikia.nocookie.net/zombicide/images/7/76/ErikSummoner.png
orc_walker,Orc Walker,Orc Lerdo,walker,Green Horde,1,0,2,1,1,1,+1 Orc Walker to Horde.,+1 Orc Lerdo para Horda.,https://static.wikia.nocookie.net/zombicide/images/5/50/OrcWalker.png
orc_runner,Orc Runner,Orc Corredor,runner,Green Horde,2,0,1,1,1,1,+1 Orc Runner to Horde.,+1 Orc Corredor para Horda.,https://static.wikia.nocookie.net/zombicide/images/5/59/OrcRunner.png
orc_brute,Orc Brute,Orc Bruto,brute,Green Horde,1,0,3,1,2,1,+1 Orc Brute to Horde.,+1 Orc Bruto para Horda.,https://static.wikia.nocookie.net/zombicide/images/7/74/OrcBrute.png
orc_abomination,Orc Abomination,Abominação Orc,abomination,Green Horde,1,0,3,1,3,1,Orc Abomination.,Abominação Orc.,https://static.wikia.nocookie.net/zombicide/images/b/bf/OrcAbomination_GH.png
orc_necromancer,Orc Necromancer,Necromante Orc,necromancer,Green Horde,1,0,2,1,1,1,"+1 Orc Walker, Orc Brute and Orc Runner to Horde.","+1 Orc Lerdo, Orc Bruto e Orc Corredor para Horda.",https://static.wikia.nocookie.net/zombicide/images/8/84/OrcNecromancer.png
necromantic_dragon,Necromantic Dragon,Dragão Necromântico,abomination,No Rest for the Wicked,1,0-1,0,1,2,1,Attacks by spawning a Zombie card in the zone with the most survivor withing his range. No line of sight is required and can be done diagonally.,Ataca realizando uma entrada de Zumbi na zona alvo dentro de seu alcance. Não precisa de linha de visão e pode ser realizado na diagonal.,https://static.wikia.nocookie.net/zombicide/images/0/0d/NecromanticDragon.png
spectral_walkers,Spectral Walkers,Lerdo Espectral,walker,No Rest for the Wicked,1,0,1,1,1,1,"Can only be killed with Ballistae, Combat Spells, Vault weapons, Magic Equipment, and Dragon Fire.","Só pode ser abatido com Balista, Feitiços de Combate, Armas de Cripta, Equipamento Mágico e Fogo de Dragão.",https://static.wikia.nocookie.net/zombicide/images/4/45/SpectralWalker.png
swarm_of_ratz,Swarm of Ratz,Enxame de Ratoz,swarm_of_ratz,No Rest for the Wicked,1,0,1,2,1,1,Get an Extra Activation each time a Swarm of Ratz Zombie card is drawn. 2 zones per activation. Ignore obstacles except walls and doors.,Ganha uma ativação extra sempre que uma carta de Exame de Ratoz é comprada. 2 zonas por movimento. Ignora obstáculos com excessão de paredes e portas.,https://static.wikia.nocookie.net/zombicide/images/e/e0/SwarmofRatz.png
tainted_walker,Tainted Walker,Lerdo Maculado,walker,Friends and Foes,1,0,2,1,1,1,"A Survivor killing a Tainted Walker standing in their Zone endures a single hit in return, inflicting 2 Wounds. An Armor roll is allowed. +1 Tainted Walker to Horde.",Um Sobrevivente que abater um Lerdo Maculado estando na mesma zona recebe um ataque de 2 de dano. Rolagens de armadura são permitidas. +1 Lerdo Maculado para Horda.,https://static.wikia.nocookie.net/zombicide/images/b/b5/TaintedWalker.png
tainted_abomination,Tainted Abomination,Abominação Maculada,abomination,Friends and Foes,1,0,3,1,3,5,"A Survivor killing a Tainted Abomination standing in their Zone endures a single hit in return, inflicting 3 Wounds. No Armor roll is allowed.",Um Sobrevivente que abater uma Abominação Maculada estando na mesma zona recebe um ataque de 3 de dano. Rolagens de armadura não são permitidas.,https://static.wikia.nocookie.net/zombicide/images/2/28/TaintedAbomination.png
grand_inquisitor_innsmouth,Grand Inquisitor Innsmouth,Grande Inquisidor Innsmouth,necromancer,Special Guest Sean A. Murray,1,0,1,1,1,1,No Line Of Sight can be drawn to Innsmouth's Zone by Actors outside of it.,Não é possivel traçar linha de visão para Grande Inquisidor Innsmouth de fora de sua zona.,https://static.wikia.nocookie.net/zombicide/images/f/f8/GrandInquisitorInnsmouth.png
"foalan,_haunter_of_northweald","Foalan, Haunter of Northweald","Foalan, Assombração de Northweald",necromancer,Special Guest Paul Bonner 2,1,0,1,1,1,1,"If any Survivor enters Faolan's Zone, or if Faolan enters a Survivor's Zone, the Survivor immediately suffers a hit for Damage 2","Se qualquer Sobrevivente entrar na zona de Faolan ou Faolan entrar na zona do Sobrevivente, ele imediatamente sofre um ataque de 2 de dano.",https://static.wikia.nocookie.net/zombicide/images/a/a3/Faolan.png
lord_of_skulls,Lord of Skulls,Lorde dos Crânios,necromancer,Special Guest Adrian Smith 2,1,0,1,1,1,1,"Spawns with both Doom and Gloom, if they are in the Zombie reserve.","Entra com Doom e Gloom, se eles estiverem na reserva de Zumbis.",https://static.wikia.nocookie.net/zombicide/images/a/a5/LordofSkulls.png
doom,Doom,Doom,abomination,Special Guest Adrian Smith 2,1,0,1,2,3,5,Moves up to 2 Zones per Activation to reach their target Zone and considers the Lord of Skulls’ Zone as the noisiest on the board.,2 zonas por movimento e sempre considera a zona de Lorde dos Crânios como a zona mais barulhenta.,https://static.wikia.nocookie.net/zombicide/images/0/0b/Doom.png
gloom,Gloom,Gloom,abomination,Special Guest Adrian Smith 2,1,0,1,2,3,5,Moves up to 2 Zones per Activation to reach their target Zone and considers the Lord of Skulls’ Zone as the noisiest on the board.,2 zonas por movimento e sempre considera a zona de Lorde dos Crânios como a zona mais barulhenta.,https://static.wikia.nocookie.net/zombicide/images/5/59/Gloom.png
abominabunny,Abominabunny,Abominabunny,abomination,Horde Box,1,0,0,1,0,5,"Targets all Survivors in its Zone upon Attacking. Kills every Survivor it targets, no matter the remaining Health, Armor, or additional game effects. Can only be killed with a Dragon Fire effect.","Acerta todos os Sobreviventes na zona alvo. Elimina todos os alvos, não importando vida restante, rolagem de armadura ou efeitos de jogo. Só pode ser eliminado com Fogo de Dragão.",https://static.wikia.nocookie.net/zombicide/images/a/ac/Abominabunny.png
chromatiz,Chromatiz,Chromatiz,abomination,Horde Box,2/3,0,2/3,1,3,5,"At the start of each of Chromatiz’s activations, determine how many Actions it has and what Damage it deals during this activation:
Chromatiz has 3 Actions, but only 2 Actions if any female Survivors are within Line Of Sight.
Chromatiz inflicts Damage 3, but only Damage 2 if any male Survivors are within Line Of Sight.
Familiars don’t count.","No início da ativação de Chromatiz escolha um dos efeitos:
Chromatiz tem 3 ações, mas somente 2 ações se qualquer Sobrevivente mulher estiver em sua linha de visão.
Chromatiz inflinge dano 3, mas somente dano 2 se qualquer sobrevivente homem estiver em sua linha de visão.",https://static.wikia.nocookie.net/zombicide/images/1/14/Chromatiz.png
gorgomination,Gorgomination,Gorgominação,abomination,Horde Box,1,0,1,1,3,5,"Spawns in the noisiest Zone on the board, if it’s a building Zone. If the noisiest Zone is not a building Zone, the spawns in the nearest building Zone. Ignores walls and closed doors to set its route, and goes through them to move.","Aparece na zona mais barulhenta, caso seja uma estrutura. Caso não seja, aparece na estrutura mais próxima. Ignora paredes e portas ao se mover.",https://static.wikia.nocookie.net/zombicide/images/a/a2/Gorgomination.png
horde_brother,Horde Brother,Irmão da Horda,abomination,Horde Box,1,0,3,1,3,5,"When is spawned, add another Abomination miniature (your choice) in the Horde. If no Abomination can be added to the Horde, the immediately gets an Extra Activation.",Quando surgir adicione uma Abominação a sua escolha à Horda. Se não houver nenhuma Abominação disponível ganha uma ativação extra imediatamente.,https://static.wikia.nocookie.net/zombicide/images/b/b0/HordeBrother.png
siege_breaker,Siege Breaker,Quebra Cerco,abomination,Horde Box,1,0,3,1,3,5,"Prioritizes Moving toward Siege Engines rather than toward Survivors. Standard Zombie Move rules apply, favoring the closest Siege Engine over Survivors. Whenever the Siege Breaker and a Siege Engine are in the same Zone, the Siege Engine is destroyed. Be careful: according to the Quest’s briefing, this situation can lead to defeat!",Prioriza o movimento em direção a Armas de Cerco. Quando estiver em uma zona com uma Arma de Cerco ela imediatamente é destruída. Cuidado: dependendo da missão isto pode levar a uma derrota!,https://static.wikia.nocookie.net/zombicide/images/4/4a/SiegeBreaker.png
swamp_lurker,Swamp Lurker,Espreitador do Pântano,abomination,Horde Box,1,0,3,1,3,5,"As long as it stands in a Waterhole Zone, cannot be targeted by Attacks or killed in any way. Other game effects, like Skills or the chosen Quest’s special rules, still apply.",Enquanto estiver em uma zona de charco não pode ser alvo de ataques ou eliminado de forma alguma. Outros efeitos de jogo como habilidades e regras especiais da missão escolhida continuam funcionando.,https://static.wikia.nocookie.net/zombicide/images/f/f8/SwampLurker.png
the_magenta_covfefe_of_aargh,The Magenta Covfefe of Aargh,O Covfefe Magenta de Aargh,abomination,Horde Box,1,0,1,1,3,5,"As long as they have a Line of Sight on the Magenta Covfefe of Aargh, Survivors need to spend an extra Action whenever they want to perform a Move Action. Doesn’t apply if the Survivor stands in the same Zone as the Magenta Covfefe of Aargh. The normal penalty for having a Zombie in the same Zone still applies, though.","Enquanto o Sobrevivente tiver linha de visão para O Covfefe Magenta de Aargh ele precisa gastar uma ação extra para realizar ações de movimento. Não se aplica caso o Sobrevivente esteja na mesma zona que O Covfefe Magenta de Aargh, porém ainda sofre a penalidade de estar em a mesma zona que um Zumbi.",https://static.wikia.nocookie.net/zombicide/images/f/f8/TheMagentaCovfefe.png
vault_warden,Vault Warden,Guardião da Cripta,abomination,Horde Box,1,0,1,1,3,5,A Survivor killing the Vault Warden gets a random Vault weapon card drawn from the deck (in addition to the usual 5 experience points).,O Sobrevivente que eliminar o Guardião da Cripta ganha uma carta de Cripta.,https://static.wikia.nocookie.net/zombicide/images/7/74/VaultWarden.png
werezombie,Werezombie,Lobizumbi,abomination,Horde Box,1,0,1,1,3,5,"Whenever is killed, immediately replace it with another available Abomination in your collection (you choose). If no Abomination is available, all Abominations on the board immediately get an Extra Activation.","Sempre que for abatido, coloque uma Abominação à sua escolha em seu lugar. Se não houver nenhuma disponível todas ganham uma ativação extra.",https://static.wikia.nocookie.net/zombicide/images/9/9c/Werezombie.png
zombie_giant,Zombie Giant,Gigante Zumbi,abomination,Horde Box,2,0-1,1,1,3,5,"Can trace Lines Of Sight over buildings and Hegdes to Zones beyond them. Likewise, Actors in these Zones can trace Lines Of Sight to the Zombie Giant. At the start of each Zombies’ Phase, before any Zombies activate, a Zombie Giant throws a Zombie standing in its Zone at the Survivors (Dragons and Giants are excluded). The thrown Zombie is chosen following the Targeting Priority Order. Its miniature is removed from the board, then placed up to 2 Zones closer to its target Zone, within the Zombie Giant’s Line Of Sight. If several Zombies share the same Priority Order, and several destination Zones can be designated, players choose.","Possui linha de visão sobre construções, assim como também pode ser visto. No começo da fase dos Zumbis arremessa um Zumbi que esteja em sua zona em direção aos Sobreviventes. O Zumbi é escolhido de acordo com a ordem de prioridade. O Zumbi é posicionado até 2 zonas próximo da zona alvo, dentro da linha de visão do Gigante Zumbi.",https://static.wikia.nocookie.net/zombicide/images/2/28/ZombieGiant.png
feral_dragon,Feral Dragon,Dragão Feral,abomination,Horde Box,1,0-1,2,1,2,1,"Attacks by breathing fire at the Zone with the most Survivors within Range 0-1 (if there are any). No Line Of Sight is required, and the fire breath can be done diagonally. If several Zones are eligible, players choose. All Zombies standing in the target Zone are killed, no matter their type and immunities. No adrenaline point is gained. Survivors automatically scramble to escape the Dragon Breath unscathed. Roll a die on the Compass card for each Survivor and Siege Engine miniature in the target Zone. It is pushed 1 Zone away in the corresponding direction (this is not a Move). A Survivor or Siege Engine can’t leave the board or cross a wall this way. Instead, it stays in the Zone. A Survivor still standing in the target Zone suffers 2 Wounds (no Armor roll). A Siege Engine still standing in the target Zone is destroyed. If the target Zone is a Waterhole Zone, the Dragon doesn’t Attack (it knows fire would be a waste).","Ataca com uma baforada de fogo na zona com mais Sobreviventes dentro de seu alcance. Não necessita de linha de visão e pode ser realizado na diagonal. Todos os Zumbis na zona são eliminados, não importando imunidades ou tipo e nenhum ponto de adrenaline é ganho. Então os Sobreviventes automaticamente tentam se esquivar do ataque. Role um dado na carta de bússola para cada Sobrevivente e Arma de Cerco. Eles se movem 1 zona na direção designada. Se não for possível realizar o movimento o Sobrevivente recebe 2 de dano e a Arma de Cerco é destruída. Se for uma zona de charco o Dragão não ataca.",https://static.wikia.nocookie.net/zombicide/images/c/c2/FeralDragon.png
count_temeraire,Count Temeraire,Conde Temeraire,necromancer,Horde Box,1,0,1,1,1,1,"Discard an equipment card from each Survivor during an End phase: deal Damage 1 to Count Temeraire. If he escapes, each survivor must discard an equipment card (if available).",Descarte 1 equipamento de cada Sobreviente durante uma fase final: cause 1 de dano ao Conde Temeraire. Se ele escapar todos descartam um equipamento (se possível).,https://static.wikia.nocookie.net/zombicide/images/f/f0/CountTemeraire.png
queen_severa,Queen Severa,Rainha Severa,necromancer,Horde Box,1,0-3,1,1,1,1,Have a 3 range attack.,Possui alcance de ataque 3,https://static.wikia.nocookie.net/zombicide/images/2/22/QueenSevera.png
fatty_bursters,Fatty Bursters,Brutos Explosivos,brute,Fatty Bursters Box,1,0,2,1,2,1,"Drawing a Fatty Burster card first provides an extra Activation to all Fatty Bursters on the board, then spawns a Fatty Burster in the indicated Zone. Fatty Bursters don’t Attack. Instead, they explode whenever a Survivor stands in their Zone or ends a Move Action in their Zone. Fatty Bursters also explode upon being eliminated by a Survivor’s Combat or Siege Action. The explosion inflicts Damage 2 (no Armor roll) to all Actors in the Zone. A Survivor eliminating a Fatty Burster with a Combat or Siege Action earns all adrenaline points from additional Zombies eliminated by the ensuing explosion.","Comprar uma carta de Brutos Explosivos primeiro garante uma ativação extra para todos os Brutos Explosivos no tabuleiro e depois realiza a entrada na zona indicada. Brutos Explosivos não atacam. Ao invés disso, eles explodem sempre que um Sobrevivente entra ou encerra uma Ação de movimento em sua zona. Eles também explodem ao serem eliminados por uma Ação de Combate ou de Cerco de um Sobrevivente. A explosão causa 2 de dano (sem rolagem de armadura) para todos os Atores na zona. O Sobrevivente que realizou a Ação de Combate que eliminou o Bruto Explosivo ganha todos os pontos de adrenalina provenientes da explosão.",https://static.wikia.nocookie.net/zombicide/images/2/22/FattyBursters.png
swamp_troll,Swamp Troll,Trol do Pântano,abomination,Rat King & Swamp Troll,1,0,2,1,3,5,"The Swamp Troll is spawned in the noisiest Zone on the board if it’s a Waterhole Zone. If the noisiest Zone is not a Waterhole Zone, the Swamp Troll spawns in the Waterhole Zone closest to it. If several Waterhole Zones are eligible, players choose. If there are no Waterhole Zones on the board, the Swamp Troll spawns in the Spawn Zone closest to the noisiest Zone instead.","Entra na zona mais barulhenta se for uma zona de charco. Se a zona mais barulhenta não for uma zona de charco, entra na zona de charco mais próxima. Se não houverem zonas de charco no tabuleiro, entra na zona de entrada mais próxima da zona mais barulhenta.",https://static.wikia.nocookie.net/zombicide/images/c/c9/SwampTroll.png
rat_king,Rat King,Rato Rei,necromancer,Rat King & Swamp Troll,1,0,1,1,1,1,"When the Rat King spawns, also spawn the indicated number of Swarms of Ratz with it, according to the current Danger Level. After the Rat King performs an Extra Activation, add 1 Swarm Of Ratz miniature in its Zone (if available). Then, all Swarms Of Ratz on the board get an Extra Activation.","Quando Rato Rei Entra, também entra o número indicado de Enxame de Ratoz com ele de acordo com o Nível de Perigo. Depois que Rato Rei realizar uma Ação Extra, adicione 1 Enxame de Ratoz em sua Zona. Então todos os Enxames de Ratoz no tabuleiro ganham uma Ativação Extra.",https://static.wikia.nocookie.net/zombicide/images/d/d4/RatKing.png
the_reaper,The Reaper,O Ceifador,abomination,Massive Darkness 2 Crossover Pack,2,0,2,1,3,5,"At the end of each of The Reaper's Activations, each Survivor at Range 1 and within Line of Sight receives 1 Wound.","A cada final de turno da  Ativação do Ceifador, cada Sobrevivente no Alcance 1 e dentro da Linha de Visão recebe 1 Ferimento",https://static.wikia.nocookie.net/zombicide/images/a/a1/TheReaper.png
baalberith,Baalberith,Baalberith,abomination,Massive Darkness 2 Crossover Pack,1,0,1,1,3,5,"Upon Activation, choose the closest Survivor in Line of Sight (players choose if tied). That Survivor performs up to 1 Move and 1 Combat Action to attack another Survivor, if possible.","Quando Ativa, seleciona o Sobreviente mais próximo dentro da Linha de Visão. Este Sobrevivente realiza 1 Ação de Movimento e 1 Ação de Combate para atacar outro Sobrevivente, se possível.",https://static.wikia.nocookie.net/zombicide/images/b/be/Baalberith.png
horseman,Horseman,Cavaleiro,abomination,Massive Darkness 2 Crossover Pack,1,0,2,2,3,5,"As long as Horseman is in play, Survivors cannot perform Enchantment and Magic Actions.","Enquanto Cavaleiro estiver em jogo, Sobreviventes não podem realizar Ações de Encantamento e Mágicas.",https://static.wikia.nocookie.net/zombicide/images/3/3b/Horseman.png
queen_caenedra,Queen Caenedra,Rainha Caenedra,abomination,Massive Darkness 2 Crossover Pack,1,0,1,1,3,5,Attacks against Queen Caenedra from Range 0-1 roll 2 less dice.,Ataques contra Rainda Caenedra no Alcance 0-1 rolam 2 dados a menos.,https://static.wikia.nocookie.net/zombicide/images/5/52/QueenCaenedra.png
hugbear,Hugbear,Urso Abraçador,abomination,Massive Darkness 2 Crossover Pack,1,0,1,1,3,5,Survivors must spend 3 Move Actions to leave Hugbear's Zone.,Sobreviventes precisam gastar 3 Ações de Movimentos para deixar a Zona do Urso Abraçador.,https://static.wikia.nocookie.net/zombicide/images/e/e7/Hugbear.png
banshee,Banshee,Banshee,abomination,Massive Darkness 2 Crossover Pack,1,0,1,1,3,5,"After Activation, all Survivors at Range 0-1 get a special Noise token. At the end of Banshee's next Activation, all Survivors with such a Noise token are killed. Remove these Noise tokens if Banshee is killed.","Depois da Ativação, todos os Sobreviventes no Alcance 0-1 ganham uma ficha de Barulho especial. No final da próxima Ativação da Banshee, todos os Sobreviventes com esta ficha de Barulho são eliminados. Remova as fichas se Banshee for eliminada.",https://static.wikia.nocookie.net/zombicide/images/d/d3/Banshee.png/
cerberus,Cerberus,Cérbero,abomination,Massive Darkness 2 Crossover Pack,1,0,1,2,3,5,"Cerberus moves up to 2 Zones per Activation. After its Activation, all Survivors in its Zone receive 1 Wound.","Cérbero se move até 2 Zonas por Ativação. Depois de sua Ativação, todos os Sobreviventes em sua Zona recebem 1 Ferimento.",https://static.wikia.nocookie.net/zombicide/images/4/45/Cerberus.png/
mumm_ra_necromancer,Mumm-Ra Necromancer,Mumm-Ra Necromante,necromancer,Thundercats Pack 3,1,0,1,1,1,1,"Whenever you draw a Necromancer card and Mumm-Ra (Necromancer) is on the board, replace Mumm-Ra (Necromancer) with Mumm-Ra (Abomination) instead.","Sempre que você comprar uma carta de Necromante e Mumm-Ra (Necromante) estiver no tabuleiro, troque Mumm-Ra (Necromante) por Mumm-Ra (Abominação) ao invés disso.",https://static.wikia.nocookie.net/zombicide/images/3/3d/MummRaNecromancer.png
mumm_ra_abomination,Mumm-Ra Abomination,Mumm-Ra Abominação,abomination,Thundercats Pack 3,2,0-1,2,1,3,5,"If the Sword of Omens is in play, Mumm-Ra moves towards it. When defeated, spawn Mumm-Ra (Necromancer) on the closest Spawn Zone.","Se Espada Justiceira estiver em jogo, Mumm-Ra se move em direção a ela. Quando derrotado, coloque Mumm-Ra (Necromante) na Zona de Entrada mais próxima.",
grand_vizier,Grand Vizier,Grand Vizier,necromancer,La Compagnia Della Forca,1,0,1,1/2,1,1,"Cannot be eliminated if there are other Zombies in his Zone. If there are no Zombies in his Zone when he activates, he moves up to 2 Zones instead of 1.","Não pode ser eliminada se houver outros Zumbis em sua zona. Se não houverem Zumbis em sua Zona quando ele Ativar, ele se move 2 Zonas ao invés de 1.",https://static.wikia.nocookie.net/zombicide/images/7/70/GrandVizier.png/
the_sparrow,The Sparrow,O Pardal,necromancer,La Compagnia Della Forca,1,0,2,1,1,1,"Spawns with 2 ""Shadow Knights"" (use 2 Brutes to represent them).",Entra com 2 Cavaleiros das Sombras (use 2 Brutos para representá-los),https://static.wikia.nocookie.net/zombicide/images/5/5a/TheSparrow.png
pharaoh_eddie,Pharaoh Eddie,Eddie Faraó,abomination,Iron Maiden Pack 1,0,0,0,0,3,5,Pharaoh Eddie cannot Move or Attack. All Zombies activating in a Zone with no Survivors perform 1 extra Action.,Eddie Faraó não pode se Mover ou Atacar. Todos os Zumbis ativando em uma Zona sem Sobreviventes realizam 1 Ação extra.,https://static.wikia.nocookie.net/zombicide/images/8/84/PharaohEddie_IM.png
samurai_eddie,Samurai Eddie,Eddie Samurai,abomination,Iron Maiden Pack 1,1,0,2,1,3,5,"At the end of the Zombies' Phase, Samurai Eddie eliminates the closest non-Abomination Zombie to deal 1 Wound to the closest Survivor in Line of Sight.","No fim da Fase dos Zumbis, Eddie Samurai elimina o inimigo não Abominação mais próximo para causar 1 Ferimento ao Sobrevivente mais próximo em sua Linha de Visão.",
reaper_eddie,Reaper Eddie,Eddie Ceifador,necromancer,Iron Maiden Pack 1,1,0,3,1,1,1,"At the start of the Zombies' Phase, the Survivor in Line of Sight closest to Reaper Eddie is killed (players choose if tied).","No começo da Fase dos Zumbis, o Sobreviente na Linha de Visão mais próximo de Eddie Ceifador é eliminado.",https://static.wikia.nocookie.net/zombicide/images/8/89/ReaperEddie_IM.png
shaman_eddie,Shaman Eddie,Eddie Xamã,necromancer,Iron Maiden Pack 2,1+,0,1,1,1,1,"At the start of the Zombies' Phase, remove all other non-Abomination Zombies in his Zone. His Activation gains a number of Actions equal to the number of Zombies removed.","No começo da Fase dos Zumbis, remova todos os outros Zumbis não Abominação em sua Zona. Sua Ativação ganha o número de Ações igual ao número de Zumbis removidos.",https://static.wikia.nocookie.net/zombicide/images/f/f0/ShamanEddie_IM.png
mummy_eddie,Mummy Eddie,Eddie Múmia,abomination,Iron Maiden Pack 2,1,0,2,1,3,5,"When Mummy Eddie spawns, place the Sarcophagus card in his Zone. When eliminated, respawn him in the Sarcophagus Zone. The Sarcophagus can be eliminated with a Melee hit.","Quando Eddie Múmia surgir, coloque a carta de Sarcófago em sua Zona. Quando eliminado, ressurgirá na Zona do Sarcófago. O Sarcófago pode ser eliminado com um acerto Corpo a Corpo.",
fear_eddie,Fear Eddie,Eddie do Medo,abomination,Iron Maiden Pack 3,1,0-1,1,0,3,5,"Fear Eddie cannot Move. When Fear Eddie activates, any Survivor in a Zone without another Survivor suffers 1 Wound.","Eddie do Medo não pode se Mover. Quando Eddie do Medo for ativado, qualquer Sobreviente em uma Zona sem nenhum outro Sobrevivente sofre 1 Ferimento.",https://static.wikia.nocookie.net/zombicide/images/7/7d/FearEddie_IM.png
wicker_eddie,Wicker Eddie,Eddie de Vime,abomination,Iron Maiden Pack 3,1,0,2,1,3,5,Wicker Eddie can only be eliminated by using 2 Dragon Fire on the same Round.,Eddie de Vime só pode ser eliminado utilizando 2 Fogo de Dragão na mesma Rodada.,https://static.wikia.nocookie.net/zombicide/images/a/a9/WickerEddie_IM.png
erinn,Erinn,Erinn,necromancer,Comic Book Extras (Road to Hell),1,0,1,1,1,1,"At the end of the Zombie's Phase, spawn 1 Walker in Erinn's Zone.","No fim da Fase dos Zumbis, adicione 1 Lerdo na Zona de Erinn.",https://static.wikia.nocookie.net/zombicide/images/a/ae/Erinn.png
lord_janas,Lord Janas,Lord Janas,abomination,Comic Book Extras (Road to Hell),1,0,1,1,3,5,"When Lord Janas spawns, move the Survivor with the highest Experience into his Zone.","Quando Lord Janas surge, mova o Sobrevivente com mais experiência para sua Zona.",https://static.wikia.nocookie.net/zombicide/images/4/48/LordJanas.png
marike_abomination,Marike Abomination,Marike Abominação,abomination,Comic Book Extras (Road to Hell),1+,0,1,1,3,5,Gains 1 additional Action for each Survivor in Line of Sight when it Activates.,Quando Ativar ganha 1 Ação adicional para cada Sobrevivente em sua Linha de Visão.,https://static.wikia.nocookie.net/zombicide/images/9/9f/MarikeAbomination.png
walker_wd,Walker WD,Lerdo WD,walker,White Death,1,0,1,1,1,1,Standard Walker.,Lerdo Comum.,https://cdn.svc.asmodee.net/production-zombicide/uploads/image-converter/2026/07/fWalkers-WD-1.webp
runner_wd,Runner WD,Corredor WD,runner,White Death,2,0,1,1,1,1,Standard Runner.,Corredor Comum.,https://cdn.svc.asmodee.net/production-zombicide/uploads/image-converter/2026/07/fRunners-WD.webp
brute_wd,Brute WD,Bruto WD,brute,White Death,1,0,1,1,2,1,Standard Brute.,Bruto Comum.,https://cdn.svc.asmodee.net/production-zombicide/uploads/image-converter/2026/07/fBrute-WD-1-1.webp
defiler_necromancer,Defiler Necromancer,Necromante Profanador,necromancer,White Death,1,0,1,0,1,1,"Put a Defiler Spawn Zone in its entry Zone. The Defiler Spawn Zone spawns Zombies last during the Spawn Step, including the Game Round it was set on the board. Defiler Necromancers place a Corruption token in their entry Zone, if there is none, creating a Corruption Zone. Each time the Defiler Necromancer would move (including during an extra Activation), the Zombie Spawn token it came from is moved instead. It moves 1 Zone towards the Beacon, taking the shortest route, going through walls and climbing Battlement Walkways. If several routes share the same length, players choose. Place a Corruption token in the destination Zone, if there is none, creating a Corruption Zone. Whenever Corruption reaches a Zone with an Objective, the Objective token is discarded (maybe foiling the game as well, according to the Quest’s objectives). If Corruption reaches the Beacon’s Zone, the game is lost. The Defiler Necromancer attacks any Survivor standing in its Zone during its Activation, instead of moving. Whenever a Defiler Necromancer is eliminated remove its Defiler Spawn token.","Coloque uma ficha de Zona de Entrada de Profanadores em sua Zona de entrada. A Zona de Entrada de Profanadores é a última a fazer Zumbis entrarem na Fase de Entrada, incluindo na Rodada em que é colocada em jogo. Necromantes Profanadores colocam uma ficha de Corrupção em sua Zona de entrada, se não houver uma, crie uma Zona de Corrupção. Cada vez que o Necromante Profanador for se mover (incluindo Ativação Extra), a Zona de entrada de Zumbis que surgiu sem move ao invés disso. Ela se move 1 Zona em direção ao Farol, pegando a rota mais curta, atravessando paredes e subindo Passadiças de Ameias. Se múltiplas rotas possuírem a mesma distância os jogadores escolhem. Coloque uma ficha de Corrupção na Zona destino se não houver uma, criando uma Zona de Corrupção. Sempre que a Corrupção alcançar a Zona com um Objetivo, a ficha de Objetivo é descartada (o que pode ocasionar em derrota de acordo com os objetivos da Missão escolhida). Se a Corrupção alcançar a Zona do Farol, os jogadores perdem o jogo. O Necromante Profanador ataca qualquer Sobrevivente em sua Zona em sua Ativação ao invés de se mover. Sempre que o Necromante Profanador for eliminado, remova sua Zona de Entrada de Profanadores.",https://static.wikia.nocookie.net/zombicide/images/3/36/DefilerNecromancer.png
khan_abomination,Khan Abomination,Abominação Khan,abomination,White Death,1,0,1,1,3,5,"Khan Abominations ignore Ramparts and don’t need Stairs to climb on, or leave, Battlement Walkways. Upon elimination, place a random Vault Weapon (if any is available), facedown, in the Khan Abomination’s Zone. Any Survivor in this Zone may spend an Action to take the Vault Weapon. Then, they may reorganize their inventory for free.",Abominação Khan ignora muralhas e não precisa de Escadas para subir ou descer de Passadiças de Ameias. Ao ser eliminado coloque uma Arma de Cripta aleatória virada para baixo na Zona da Abominação Khan. Qualquer Sobrevivente na Zona pode gastar uma Ação para pegar a Arma de Cripta. Ele pode então reorganizar seu inventário gratuitamente.,https://static.wikia.nocookie.net/zombicide/images/f/f0/KhanAbomination.png
brute_ee,Brute EE,Bruto EE,brute,Eternal Empire,1,0,1,1,2,1,+1 Warden Brute,+1 Bruto Vigia,https://cdn.svc.asmodee.net/production-zombicide/uploads/image-converter/2026/07/fBrute-WD-1-1.webp
warden_brutes,Warden Brutes,Brutos Vigia,brute,Eternal Empire,1,0,1,1,2,1,"As long as any Warden Brutes are on the board, Zombies can only be eliminated with: Combat Actions where Chi is spent (either to enhance the Survivor's weapon or to use a Chi Skill). Game effects eliminating all Actors in the target Zone (Cauldron or Dragon Fire, for example).","Enquanto houver qualquer Bruto Vigia no tabuleiro, Zumbis só podem ser eliminados com Ações de Combate que gastarm Chi. (Proveniente de armas ou Habilidades). Efeitos de jogo que eliminam todos os Atores na Zona continuam funcionando normalmente.",https://static.wikia.nocookie.net/zombicide/images/4/43/WardenBrute.png
god_eater_abomination,God-Eater Abomination,Abominação Devoradora de Deuses,abomination,Eternal Empire,1,0,1,1,3,5,"God-Eater Abominations ignore ramparts and don't need Stairs to climb on or leave Battlement Walkways. A God-Eater Abomination attacks as usual, but always moves towards the nearest Zone with a Chi Statue. If several Chi Statues are within the same distance, players choose. If no Chi Statue remains on the board, the God-Eater Abomination behaves like a typical Abomination. A God-Eater Abomination attacks Chi Statues as if they were Survivors, destroying them with a single Attack. Broken Chi Statues can no longer be used. If a God-Eater Abomination attacks in a Zone with both a Chi Statue and Survivors, players choose the target. Upon elimination, place a random Vault Weapon if any are available, facedown, in the God-Eater Abomination's Zone. Any Survivor in this Zone may spend an Action to take the Vault Weapon. They may then reorganize their inventory for free.","Abominação Devoradora de Deuses ignora muralhas e não precisa de Escadas para subir ou descer de Passadiças de Ameias. Abominação Devoradora de Deuses ataca normalmente, mas sempre se move em direção a Zona com uma Estátua Chi mais próxima. Se várias Estátuas Chi estiverem na mesma distancia os jogadores escolhem. Se não houverem Estátuas Chi restantes, Abominação Devoradora de Deuses se comporta como uma Abominação comum. Abominação Devoradora de Deuses ataca Estátuas Chi como se fossem Sobreviventes, destruindo-as com um Ataque. Estátuas de Chi quebradas não podem mais ser utilizadas. Se Abominação Devoradora de Deuses atacar em uma Zona com uma Estátua de Chi e um Sobrevivente os jogadores decidem o alvo. Ao ser eliminado coloque uma Arma de Cripta aleatória virada para baixo na Zona da Abominação Devoradora de Deuses. Qualquer Sobrevivente na Zona pode gastar uma Ação para pegar a Arma de Cripta. Ele pode então reorganizar seu inventário gratuitamente.",https://static.wikia.nocookie.net/zombicide/images/9/9c/GodEater.png
foot_ninjas,Foot Ninjas,Ninjas do Pé,walker,TMNT Timecrash,1,0,1,1,1,1,"Foot Ninjas are Walkers and have the same Targeting Priority Level as Walkers. Foot Ninjas spawn on Objectives. Each time a Foot Ninja Zombie card is drawn, spawn the indicated number of Foot Ninjas on each Objective. If there are no Objectives left, don't spawn any Foot Ninjas. Chi cannot be spent before performing Combat Actions (Magic, Melee, or Ranged) in Zones containing Foot Ninjas or aimed at such Zones.","Ninjas do Pé são Lerdos e possuem o mesmo Nível de Prioridade que Lerdos. Ninjas do Pé surgem em Objetivos. Sempre que uma carta de Ninja do Pé é comprada, coloque a quantidade indicada de Ninjas do Pé em cada Objetivo. Se não houverem Objetivos restantes, Ninjas do Pé não surgem. Chi não pode ser gasto ao realizar Ações de Combate em Zonas contendo Ninjas do Pé ou alvejando-as.",https://static.wikia.nocookie.net/zombicide/images/9/99/FootNinja.png
shredder,Shredder,Destruidor,necromancer,TMNT Timecrash,1,0,1,1,1,1,Each miss rolled while attacking Shredder's Zone inflicts 1 Wound on the Survivor attacking. This rule also applies when making attacks on Zombies other than Shredder and if the attacking Survivor is not in the same Zone.,Cada erro rolado enquanto ataca a Zona do Destruidor inflinge 1 Ferimento no Sobrevivente atacante. Essa regra também se aplica ao atacar outros Zumbis na Zona do Destruidor ou se o Sobrevivente atacante não estiver na mesma Zona.,https://static.wikia.nocookie.net/zombicide/images/b/b6/ShredderNecromancer.png
berserker_walkers,Berserker Walkers,Lerdos Berserker,walker,Berserker Walkers,1,0,1,1,1,1,Can only be eliminated with Melee Actions. They are still affected by game effects eliminating all Zombies in the Zone.,Só pode ser eliminado com Ações Corpo a Corpo. Eles ainda podem ser eliminados por efeitos que eliminam todos os Zumbis na Zona.,https://static.wikia.nocookie.net/zombicide/images/0/04/BerserkerWalkerFantasy.png/
climbers,Climbers,Escaladores,walker,Climbers & Terrorcotta Walkers,1,0,1,1,1,1,"Climbers can cross Ramparts (Wulfsburg), Barriers, and Ledges (Green Horde) when moving. Climbers ignore Ramparts and don't need Stairs to climb on, or leave Battlement Walkways (White Death).","Escaladores podem subir Muralhas, Barreiras e Barrancos quando se movem. Escaladores ignoram Muralhas e não precisam de Escadas para descer ou deixar Passadiças de Ameias.",https://static.wikia.nocookie.net/zombicide/images/c/c2/Climber.png/
terrorcotta_walkers,Terrorcotta Walkers,Lerdos de Terracota,walker,Climbers & Terrorcotta Walkers,1,0,1,1,1,1,"At the start of each Zombies Phase, locate every Zone with 1 to 4 Terrorcotta Walker miniatures. Then, spawn Terrorcotta Walkers in each of these Zones until there are 5 Terrorcotta Walkers there. If there are not enough miniatures, choose the Zones which receive the remaining Terrorcotta Walkers. Then, all Terrorcotta Walkers perform 1 extra Activation. Note: This special Spawn does not trigger the 'Combat reflexes' Skill.","No começo de cada Fase dos Zumbis, localuze todas as Zonas que houver de 1 a 4 Lerdos de Terracota. Então faça surgir Lerdos de Terracota em cada uma desta Zonas até que hajam 5 Lerdos de Terracota. Se não houver mais miniaturas escolha as Zonas que receberam os Lerdos de Terracota restantes. Então todos os Lerdos de Terracota realizam 1 Ativação Extra. Nota: Esta entrada especial não ativa a Habilidade 'Reflexos de Combate'.",https://static.wikia.nocookie.net/zombicide/images/9/92/TerrorcottaWalker.png
deadbolt_walkers,Deadbolt Walkers,Lerdo Virote Mortal,walker,Crossfire Pack,1,0-3,1,1,1,1,"Attack whenever they activate while having a Line Of Sight on a Survivor (or more) at Range 0-3. Then, they perform a standard Zombie Attack on the designated Zone. If several Zones are eligible, they choose their target according to these priorities: The Zone with the most Survivors. The noisiest Zone. If all eligible Zones have the same amount of Survivors and Noise, the players choose. Wounds inflicted by Deadbolt Walkers can’t be prevented by Armor rolls.","Ataca sempre que ativar enquanto houver Lina de Visão de um Sobrevivente (ou mais) no Alcance 0-3. Então realizam um Ataque Comum de Zumbi na Zona alvo. Se houverem várias Zonas, eles escolhem de acordo com estas prioridades: A Zona com mais sobreviventes. A Zona mais barulhenta. Se todas as Zonas elegíveis possuírem a mesma quantidade de Sobreviventes e Barulho os jogadores decidem. Ferimentos causados por Lerdos Virote Mortal não podem ser prevenidos por rolagens de Armadura.",https://static.wikia.nocookie.net/zombicide/images/e/e7/DeadboltWalker.png
bebop,Bebop,Bebop,abomination,TMNT Bebop & Rocksteady,1,0-0/0-1,1,1,2/3,5,"Only requires 2 damage to be eliminated. At the start of the Zombie Phase, if Rocksteady is not already on the board, spawn him on the Spawn Zone closest to Bebop. If Rocksteady is on the board: Requires Damage 3 to eliminate. Gains Reach (Can Attack at Range 1).","Requer apenas Dano 2 para ser eliminado. No início da Fase dos Zumbis, se Rocksteady ainda não estiver no tabuleiro, coloque-o na Zona de Entrada mais próxima de Bebop. Se Rocksteady estiver no tabuleiro: Requer Dano 3 para ser eliminado. Ganha Alcance (Pode atacar no Alcance 1).",https://static.wikia.nocookie.net/zombicide/images/c/c5/BebopFantasy.png
rocksteady,Rocksteady,Rocksteady,abomination,TMNT Bebop & Rocksteady,1,0,1/2,1,2/3,5,"Only requires Damage 2 to eliminate. At the start of the Zombie Phase, if Bebop is not already on the board, spawn him on the Spawn Zone closest to Rocksteady. If Bebop is on the board: Requires Damage 3 to eliminate. Deals Damage 2.","Requer apenas Dano 2 para ser eliminado. No início da Fase dos Zumbis, se Bebop ainda não estiver no tabuleiro, coloque-o na Zona de Entrada mais próxima de Rocksteady. Se Bebop estiver no tabuleiro: Requer Dano 3 para ser eliminado. Causa Dano 2.",https://static.wikia.nocookie.net/zombicide/images/4/42/RocksteadyFantasy.png
vermillion_bird,Vermillion Bird,Pássaro Vermelho,abomination,Divine Beasts,1,0,1,1,1,5,"At the start of the Zombies Phase, other Zombies in the Vermillion Bird's Zone gain 1 Move Action. Instead of performing a normal Action, at the beginning of the Zombies Phase, draw 1 Action card from the Vermillion Bird Action deck and perform the Action listed on the card. If there are no Action cards to draw, remove the Vermillion Bird from the game and at the next End Phase spawn the White Tiger in the closest Spawn Zone. Last in Targeting Priority Order. Cannot be eliminated by Guards Attacks, and can only be eliminated by 2 hits with a Ranged weapon on a single Attack Action. When the Vermillion Bird is eliminated spawn the White Tiger in the closest Spawn Zone (if tied, players choose). The Survivor eliminating it earns the AP, along with the 'Sprint' Skill card. The Skill rewarded is considered acquired at Blue Level and kept until the end of the game. It does not occupy an Inventory slot and cannot be traded, discarded or lost.","No início da Fase dos Zumbis, outros Zumbis na Zona do Pássaro Vermelho ganham 1 Ação de Movimento. Em vez de realizar uma Ação normal, no início da Fase dos Zumbis, compre 1 carta de Ação do baralho de Ação do Pássaro Vermelho e realize a Ação listada na carta. Se não houver cartas de Ação para comprar, remova o Pássaro Vermelho do jogo e na próxima Fase Final coloque o Tigre Branco na Zona de Entrada mais próxima. Último na Ordem de Prioridade de Alvos. Não pode ser eliminado por Ataques de Guardas, e só pode ser eliminado por 2 acertos com uma arma de Longo Alcance em uma única Ação de Ataque. Quando o Pássaro Vermelho for eliminado, coloque o Tigre Branco na Zona de Entrada mais próxima (em caso de empate, os jogadores escolhem). O Sobrevivente que o eliminar ganha PA, junto com a carta de Habilidade 'Corrida'. A Habilidade recompensada é considerada adquirida no Nível Azul e mantida até o final do jogo. Ela não ocupa um espaço de Inventário e não pode ser trocada, descartada ou perdida.",https://static.wikia.nocookie.net/zombicide/images/0/08/VermillionBird_DB.png
white_tiger,White Tiger,Tigre Branco,abomination,Divine Beasts,1,0,2,1,1,5,"At the start of the Zombies Phase, other Zombies within Range 1 of the White Tiger gain 1 free Melee Action. Instead of performing a normal Action, at the beginning of the Zombies Phase, draw 1 Action card from the White Tiger Action deck and perform the Action listed on the card. If there are no Action cards to draw, remove the White Tiger from the game and at the next End Phase spawn the Black Tortoise in the closest Spawn Zone. Last in Targeting Priority Order. Cannot be eliminated by Guards Attacks, and can only be eliminated by 2 hits with a Melee weapon on a single Attack Action. When the White Tiger is eliminated spawn the Black Tortoise in the closest Spawn Zone (if tied, players choose). The Survivor eliminating it earns the AP, along with the 'Bloodlust: Combat' Skill card. The Skill rewarded is considered acquired at Blue Level and kept until the end of the game. It does not occupy an Inventory slot and cannot be traded, discarded or lost.","No início da Fase dos Zumbis, outros Zumbis no Alcance 1 do Tigre Branco ganham 1 Ação Corpo a Corpo grátis. Em vez de realizar uma Ação normal, no início da Fase dos Zumbis, compre 1 carta de Ação do baralho de Ação do Tigre Branco e realize a Ação listada na carta. Se não houver cartas de Ação para comprar, remova o Tigre Branco do jogo e na próxima Fase Final coloque a Tartaruga Negra na Zona de Entrada mais próxima. Último na Ordem de Prioridade de Alvos. Não pode ser eliminado por Ataques de Guardas, e só pode ser eliminado por 2 acertos com uma arma Corpo a Corpo em uma única Ação de Ataque. Quando o Tigre Branco for eliminado, coloque a Tartaruga Negra na Zona de Entrada mais próxima (em caso de empate, os jogadores escolhem). O Sobrevivente que o eliminar ganha os PA, junto com a carta de Habilidade 'Sede de Sangue: Combate'. A Habilidade recompensada é considerada adquirida no Nível Azul e mantida até o final do jogo. Ela não ocupa um espaço no Inventário e não pode ser trocada, descartada ou perdida.",https://static.wikia.nocookie.net/zombicide/images/4/45/WhiteTiger_DB.png
black_tortoise,Black Tortoise,Tartaruga Negra,abomination,Divine Beasts,1,0,1,1,1,5,"Instead of performing a normal Action, at the beginning of the Zombies Phase, draw 1 Action card from the Black Tortoise Action deck and perform the Action listed on the card. If there are no Action cards to draw, remove the Black Tortoise from the game and at the next End Phase spawn the Azure Dragon in the closest Spawn Zone. Last in Targeting Priority Order. Cannot be eliminated by Guards Attacks, and can only be eliminated by 2 hits with a Vault weapon on a single Attack Action. Other non-Abomination Zombies within Range 1 and in Line of Sight of the Black Tortoise need 2 Damage to eliminated. When the Black Tortoise is eliminated spawn the Azure Dragon in the closest Spawn Zone (if tied, players choose). The Survivor eliminating it earns the AP, along with the 'Iron hide' Skill card. The Skill rewarded is considered acquired at Blue Level and kept until the end of the game. It does not occupy an Inventory slot and cannot be traded, discarded or lost.","Em vez de realizar uma Ação normal, no início da Fase dos Zumbis, compre 1 carta de Ação do baralho de Ação da Tartaruga Negra e realize a Ação listada na carta. Se não houver cartas de Ação para comprar, remova a Tartaruga Negra do jogo e na próxima Fase Final coloque o Dragão Azul na Zona de Entrada mais próxima. Último na Ordem de Prioridade de Alvos. Não pode ser eliminada por Ataques de Guardas, e só pode ser eliminada por 2 acertos com uma Arma de Cripta em uma única Ação de Ataque. Outros Zumbis que não sejam Abominações no Alcance 1 e na Linha de Visão da Tartaruga Negra precisam de Dano 2 para serem eliminados. Quando a Tartaruga Negra for eliminada, coloque o Dragão Azul na Zona de Entrada mais próxima (em caso de empate, os jogadores escolhem). O Sobrevivente que a eliminar ganha PA, junto com a carta de Habilidade 'Pele de Ferro'. A Habilidade recompensada é considerada adquirida no Nível Azul e mantida até o final do jogo. Ela não ocupa um espaço no Inventário e não pode ser trocada, descartada ou perdida.",https://static.wikia.nocookie.net/zombicide/images/1/1a/BlackTortoise_DB.png
azure_dragon,Azure Dragon,Dragão Azul,abomination,Divine Beasts,1,0,2,1,3,5,"At the start of the Zombies Phase, all Survivors within Range 2 and in Line of Sight suffer 1 Wound. Instead of performing a normal Action, at the beginning of the Zombies Phase, draw 1 Action card from the Azure Dragon Action deck and perform the Action listed on the card. If there are no Action cards to draw, shuffle the discarded Action cards to create a new deck and draw from that. When the Azure Dragon is eliminated the Survivor eliminating it earns the AP, along with the 'Lucky' Skill card. The Skill rewarded is considered acquired at Blue Level and kept until the end of the game. It does not occupy an Inventory slot and cannot be traded, discarded or lost.","No início da Fase dos Zumbis, todos os Sobreviventes no Alcance 2 e na Linha de Visão sofrem 1 Ferimento. Em vez de realizar uma Ação normal, no início da Fase dos Zumbis, compre 1 carta de Ação do baralho de Ação do Dragão Azul e realize a Ação listada na carta. Se não houver cartas de Ação para comprar, embaralhe as cartas de Ação descartadas para criar um novo baralho e compre dele. Quando o Dragão Azul for eliminado, o Sobrevivente que o eliminar ganha PA, junto com a carta de Habilidade 'Sortudo'. A Habilidade recompensada é considerada adquirida no Nível Azul e mantida até o final do jogo. Ela não ocupa um espaço no Inventário e não pode ser trocada, descartada ou perdida.",https://static.wikia.nocookie.net/zombicide/images/8/80/AzureDragon_DB.png
bake_danuki,Bake-Danuki,Bake-Danuki,walker,Frozen Fortress,?,0,?,?,?,?,"At the beginning of the Players phase roll a die. Until the end of the Round, Bake-Danuki is considered as: 1: an Abomination, 2-3: a Runner, 4-5: a Brute, 6: a Walker.","No início da Fase dos Jogadores, role um dado. Até o final da Rodada, Bake-Danuki é considerado como: 1: uma Abominação, 2-3: um Corredor, 4-5: um Bruto, 6: um Lerdo.",https://static.wikia.nocookie.net/zombicide/images/3/3a/BakeDanuki_FR.png
kappa,Kappa,Kappa,walker,Frozen Fortress,1,0,3,1,1,1,"Last in target priority. At the beginning of the Zombies phase, a Survivor in Kappa's Zone may discard an Apple or Salted Meat card, if they do, Kappa does not activate during this Enemy Phase.","Último na prioridade de alvos. No início da Fase dos Zumbis, um Sobrevivente na Zona do Kappa pode descartar uma carta de Maçãs ou Carne Seca. Se o fizer, o Kappa não é ativado durante esta Fase Inimiga.",
rakshasa,Rakshasa,Rakshasa,walker,Frozen Fortress,1,0,2,1,1,1,"Last in target priority. When Rakshasa attacks, all Survivors in his Zone suffer 2 Wounds.","Último na prioridade de alvos. Quando o Rakshasa ataca, todos os Sobreviventes em sua Zona sofrem 2 Ferimentos.",
yaksha,Yaksha,Yaksha,walker,Frozen Fortress,1,0,3,1,1,1,"When Yaksha is eliminated, the Survivor who eliminated it receives a Vault Weapon.","Quando o Yaksha é eliminado, o Sobrevivente que o eliminou recebe uma Arma de Cripta.",
onryō,Onryō,Onryō,runner,Frozen Fortress,2,0,1,1,1,1,Onryō always targets the Survivor with the most AP.,Onryō sempre tem como alvo o Sobrevivente com mais PA.,
meng_huo,Meng Huo,Meng Huo,brute,Frozen Fortress,1,0,1,1,2,1,"When Meng Huo would be eliminated, place him in the first Spawn Zone instead.","Quando Meng Huo for ser eliminado, coloque-o na primeira Zona de Entrada em vez disso.",
zhu_bajie,Zhu Bajie,Zhu Bajie,brute,Frozen Fortress,1,0,1,1,2,1,"Zhu Bajie cannot perform Move Actions. At the beginning of each Zombies phase, all other Zombies in his Zone gain 1 extra Activation.","Zhu Bajie não pode realizar Ações de Movimento. No início de cada Fase dos Zumbis, todos os outros Zumbis em sua Zona ganham 1 Ativação extra.",
bomoh,Bomoh,Bomoh,necromancer,Frozen Fortress,1,0,1,1,1,1,Roll a die after eliminating the Bomoh (rewards are still earned): 1-3: Nothing happens. 4-6: The Bomoh respawns immediately on the Starting Spawn Zone.,Role um dado após eliminar o Bomoh (as recompensas ainda são ganhas): 1-3: Nada acontece. 4-6: O Bomoh ressurge imediatamente na Zona de Entrada Inicial.,https://static.wikia.nocookie.net/zombicide/images/9/93/Bomoh_FR.png
death_notes,Death Notes,Death Notes,necromancer,Frozen Fortress,1,0,1,1,1,1,"Death Notes produce 3 Noise tokens at the start of each Game Round. As long as there is a least 1 Noise token in Death Notes' Zone, each hit rolled while attacking Zombies in this Zone (including Death Notes themselves) is cancelled, removing 1 Noise token from this Zone instead (even if it was not produced by Death Notes in the first place). Game effects killing all Zombies in the target Zone (Cauldron or Dragon Fire) are not affected by this rule.","Os Death Notes produzem 3 fichas de Barulho no início de cada Rodada. Enquanto houver pelo menos 1 ficha de Barulho na Zona dos Death Notes, cada acerto rolado ao atacar Zumbis nesta Zona (incluindo os próprios Death Notes) é cancelado, removendo 1 ficha de Barulho desta Zona no lugar (mesmo que não tenha sido produzida pelos Death Notes originalmente). Efeitos de jogo que eliminam todos os Zumbis na Zona alvo (Caldeirão ou Fogo de Dragão) não são afetados por esta regra.",https://static.wikia.nocookie.net/zombicide/images/c/c6/DeathNotes_FR.png
hannya,Hannya,Hannya,necromancer,Frozen Fortress,1,0,1,1,1,1,"Each miss rolled while attacking Zombies in Hannya's Zone (including Hannya itself) inflicts 1 Wound to the Survivor performing the attack. This rule applies for Combat Actions (Magic, Melee, or Ranged) and Siege Actions (Green Horde). Armor rolls are allowed.","Cada erro rolado ao atacar Zumbis na Zona de Hannya (incluindo o próprio Hannya) inflige 1 Ferimento ao Sobrevivente que realizou o ataque. Esta regra se aplica a Ações de Combate (Magia, Corpo a Corpo ou Longo Alcance) e Ações de Cerco (Green Horde). Rolagens de Armadura são permitidas.",https://static.wikia.nocookie.net/zombicide/images/e/e4/Hannya_FR.png
kaguya,Kaguya,Kaguya,necromancer,Frozen Fortress,1,0,1,1,1,1,"Each time Kaguya activates, Spawn 1 Walker in each Corruption Zone with 1 or more Survivor.","Cada vez que Kaguya é ativada, coloque 1 Lerdo em cada Zona de Corrupção que contenha 1 ou mais Sobreviventes.",https://static.wikia.nocookie.net/zombicide/images/c/c0/Kaguya_FR.png
tengu,Tengu,Tengu,necromancer,Frozen Fortress,2,0,1,1,1,1,"The Survivor eliminating Tengu earns the usual 1 AP for eliminating a Necromancer, then earn enough AP to get to the first notch of the next Danger Level.","O Sobrevivente que eliminar Tengu ganha os Pontos de Adrenalina usuais (1) por eliminar um Necromante, e então ganha PA o suficiente para chegar ao primeiro marco do próximo Nível de Perigo.",https://static.wikia.nocookie.net/zombicide/images/c/c3/Tengu_FR.png
yuki_onna,Yuki-onna,Yuki-onna,necromancer,Frozen Fortress,1,0,1,1,1,1,"At the start of each Game Round, each Survivor having a Line of Sight on the Yuki-Onna gets 1 Freeze token on their Dashboard, representing the Necromancer's icy hold over them. A Survivor with a Freeze token loses 1 Action at the start of their ensuing Turn. Then, discard the Freeze token.","No início de cada Rodada, cada Sobrevivente que tiver Linha de Visão para a Yuki-onna recebe 1 ficha de Congelamento em sua Ficha de Sobrevivente, representando o domínio gélido do Necromante sobre eles. Um Sobrevivente com uma ficha de Congelamento perde 1 Ação no início do seu Turno subsequente. Em seguida, descarte a ficha de Congelamento.",https://static.wikia.nocookie.net/zombicide/images/f/fc/Yuki-onna_FR.png
amaterasu,Amaterasu,Amaterasu,abomination,Frozen Fortress,1,0,1,1,3,5,"Amaterasu can only spawn once per game. As long as she is on the board, the maximum Range of all weapons is limited to 1. When Amaterasu is eliminated, set her miniature near the board as a trophy. The maximum Range of all Combat Spells and Ranged weapons gets +1 until the end of the game.","Amaterasu só pode entrar no tabuleiro uma vez por jogo. Enquanto ela estiver no tabuleiro, o Alcance máximo de todas as armas é limitado a 1. Quando Amaterasu for eliminada, coloque sua miniatura perto do tabuleiro como um troféu. O Alcance máximo de todos os Feitiços de Combate e armas de Longo Alcance ganha +1 até o final do jogo.",
asura,Asura,Asura,abomination,Frozen Fortress,1,0,1,1,?,5,Roll a die whenever an Asura spawns. The result is the minimum Damage required to eliminate it.,Role um dado sempre que um Asura entrar no tabuleiro. O resultado é o Dano mínimo necessário para eliminá-lo.,
bishamon,Bishamon,Bishamon,abomination,Frozen Fortress,1,0,1,1,3,5,"As long as Bishamon is on the board, Survivors cannot earn new Vault Weapons. They still can use the ones they already own. Upon elimination, place 1D6 random Vault Weapons (if any are available), facedown, in Bishamon's Zone. Any Survivor in this Zone may spend an Action to take 1 Vault Weapon. Then, they may reorganize their inventory for free.","Enquanto Bishamon estiver no tabuleiro, os Sobreviventes não podem ganhar novas Armas de Cripta. Eles ainda podem usar as que já possuem. Ao ser eliminado, coloque 1D6 (role um dado de 6 faces) Armas de Cripta aleatórias (se houver alguma disponível), viradas para baixo, na Zona de Bishamon. Qualquer Sobrevivente nesta Zona pode gastar uma Ação para pegar 1 Arma de Cripta. Em seguida, eles podem reorganizar seu inventário de graça.",https://static.wikia.nocookie.net/zombicide/images/f/f8/Bishamon_FR.png
chimimōryō,Chimimōryō,Chimimōryō,abomination,Frozen Fortress,1,0,1,1,3,5,"Upon elimination, Chimimōryō immediately respawns on the nearest Necromancer or Defiler Spawn Zone (if none is available, Chimimōryō does not respawn). If several Necromancer Spawn Zones are at the same distance, players choose.","Ao ser eliminado, o Chimimōryō ressurge imediatamente na Zona de Entrada de Necromante ou Profanador mais próxima (se nenhuma estiver disponível, o Chimimōryō não ressurge). Se várias Zonas de Entrada de Necromante estiverem à mesma distância, os jogadores escolhem.",
hachiman,Hachiman,Hachiman,abomination,Frozen Fortress,1,0,1,1,3,5,"Hachiman can only spawn once per game. As long as Hachiman is on the board, all Zombies attack twice whenever they attack. The Survivor eliminating Hachiman earns its miniature and keeps it near their Dashboard as a trophy. The Survivor earns the '+1 free Combat Action' Skill until the end of the game.","Hachiman só pode entrar no tabuleiro uma vez por jogo. Enquanto Hachiman estiver no tabuleiro, todos os Zumbis atacam duas vezes sempre que atacarem. O Sobrevivente que eliminar Hachiman ganha sua miniatura e a mantém perto de sua Ficha como um troféu. O Sobrevivente ganha a Habilidade '+1 Ação de Combate grátis' até o final do jogo.",https://static.wikia.nocookie.net/zombicide/images/1/1b/Hachiman_FR.png
kijin,Kijin,Kijin,abomination,Frozen Fortress,2,0-1,1,1,3,5,"The Kijin can trace Lines of Sight over buildings and Hedges (Green Horde) to Zones beyond them. Likewise, Actors in these Zones can trace Lines of Sight to the Kijin. All Survivors standing in its target Zone suffer the Attack. As long as the Kijin is on the board, each Survivor loses 1 Chi (down to a minimum of O) at the start of their Turn.","O Kijin pode traçar Linhas de Visão sobre prédios e Sebes (Green Horde) para Zonas além deles. Da mesma forma, Atores nessas Zonas podem traçar Linhas de Visão para o Kijin. Todos os Sobreviventes que estiverem em sua Zona alvo sofrem o Ataque. Enquanto o Kijin estiver no tabuleiro, cada Sobrevivente perde 1 Chi (até o mínimo de 0) no início do seu Turno.",https://static.wikia.nocookie.net/zombicide/images/6/63/Kijin_FR.png
kumiho,Kumiho,Kumiho,abomination,Frozen Fortress,1,0,1,1,3,5,"As long as Kumiho is on the board, the Players Phase is played at random. Roll a die for each player who did not play their Turn yet. The player getting the highest roll plays their Turn. Re-roll in case of a tie. Keep on until each player has played their Turn.","Enquanto Kumiho estiver no tabuleiro, a Fase dos Jogadores é jogada de forma aleatória. Role um dado para cada jogador que ainda não jogou seu Turno. O jogador que obtiver a maior rolagem joga o seu Turno. Role novamente em caso de empate. Continue até que cada jogador tenha jogado o seu Turno.",https://static.wikia.nocookie.net/zombicide/images/4/45/Kumiho_FR.png
nian,Nian,Nian,abomination,Frozen Fortress,1,0,1,1,4,5,"The Nian requires Damage 4 to be eliminated, minus 1 per Noise token on the board, to a minimum of 1. Cauldrons and Dragon Fire work as usual. NOTE: Survivors don't count toward the total. Only actual Noise tokens count!","O Nian requer Dano 4 para ser eliminado, menos 1 para cada ficha de Barulho no tabuleiro, até o mínimo de 1. Caldeirões e Fogo de Dragão funcionam normalmente. NOTA: Sobreviventes não contam para o total. Apenas as próprias fichas de Barulho contam!",https://static.wikia.nocookie.net/zombicide/images/8/88/Nian_FR.png
qilin,Qilin,Qilin,abomination,Frozen Fortress,1,0,1,1,3,5,The player whose Survivor eliminated the Qilin immediately chooses a Zone on the board. All Zombies in the designated Zone are eliminated as well. The Survivor earns all corresponding AP.,O jogador cujo Sobrevivente eliminou o Qilin escolhe imediatamente uma Zona no tabuleiro. Todos os Zumbis na Zona designada são eliminados também. O Sobrevivente ganha todo PA correspondente.,
red_hare,Red Hare,Red Hare,abomination,Frozen Fortress,1,0,1,1,3,5,"The Red Hare can only spawn once per game. Each time the Red Hare performs a Move, it Moves 2 Zones instead of 1. The destination Zone is defined before the Move and does not change along the way. The Survivor eliminating the Red Hare earns its miniature, set near their Dashboard as a trophy. The Survivor earns the '+1 Zone per Move' Skill until the end of the game.","O Red Hare só pode entrar no tabuleiro uma vez por jogo. Toda vez que o Red Hare realiza um Movimento, ele Move 2 Zonas em vez de 1. A Zona de destino é definida antes do Movimento e não muda ao longo do caminho. O Sobrevivente que eliminar o Red Hare ganha sua miniatura, colocada perto de sua Ficha como um troféu. O Sobrevivente ganha a Habilidade '+1 Zona por Movimento' até o final do jogo.",
shakōki_dogū,Shakōki Dogū,Shakōki Dogū,abomination,Frozen Fortress,1,0,1,1,3,5,"Shakōki Dogū cannot be eliminated unless it is the only Zombie in its Zone (this also applies to game effects eliminating all Zombies in the target Zone, like Cauldron or Dragon Fire). After each Zombie spawn on the board (except Abominations and Necromancers), place a Zombie of the same type in Shakōki Dogu's Zone.","O Shakōki Dogū não pode ser eliminado a menos que seja o único Zumbi em sua Zona (isso também se aplica a efeitos de jogo que eliminam todos os Zumbis na Zona alvo, como Caldeirão ou Fogo de Dragão). Após cada entrada de Zumbi no tabuleiro (exceto Abominações e Necromantes), coloque um Zumbi do mesmo tipo na Zona do Shakōki Dogū.",
sōjōbō,Sōjōbō,Sōjōbō,abomination,Frozen Fortress,2,0-1,1,1,3,5,"Sōjōbō can trace Lines of Sight over buildings and Hedges (Green Horde) to Zones beyond them. Likewise, Actors in these Zones can trace Lines of Sight to Sōjōbō. All Survivors standing in its target Zone suffer the Attack. Sōjōbō can only defeated by a Survivor with a Vault Weapon in their inventory. When Sōjōbō is eliminated: The Survivor who eliminated it earns the usual 5 AP, then earns enough AP to get to the first notch of the next Danger Level AND another Skill of their choosing on their ID Card, no matter the Danger Level. All other Survivors earn enough AP to get to the first notch of the next Danger Level.","Sōjōbō pode traçar Linhas de Visão sobre prédios e Sebes (Green Horde) para Zonas além deles. Da mesma forma, Atores nessas Zonas podem traçar Linhas de Visão para Sōjōbō. Todos os Sobreviventes que estiverem em sua Zona alvo sofrem o Ataque. Sōjōbō só pode ser derrotado por um Sobrevivente com uma Arma de Cripta em seu inventário. Quando Sōjōbō é eliminado: O Sobrevivente que o eliminou ganha os habituais 5 PA, e então ganha PA suficiente para chegar ao primeiro marco do próximo Nível de Perigo E mais uma Habilidade de sua escolha na sua Ficha de Personagem, independentemente do Nível de Perigo. Todos os outros Sobreviventes ganham PA suficiente para chegar ao primeiro marco do próximo Nível de Perigo.",
susano_wo,Susano-wo,Susano-wo,abomination,Frozen Fortress,1,0,1,1,3,5,"As long as Susano-wo is on the board, the Accuracy value of all Ranged weapons is considered to be 6.","Enquanto Susano-wo estiver no tabuleiro, o valor de Precisão de todas as armas de Longo Alcance é considerado como sendo 6.",https://static.wikia.nocookie.net/zombicide/images/6/65/SusanoWo_FR.png
takemikazuchi,Takemikazuchi,Takemikazuchi,abomination,Frozen Fortress,1,0,1,1,3,5,"Survivors cannot enter Takemikazuchi's Zone. Each Survivor standing in a Zone where Takemikazuchi enters, immediately resolves 1 Move to exit this Zone, ignoring Zombies in the starting Zone. These free Moves are resolved in any order of the players' choosing.","Sobreviventes não podem entrar na Zona de Takemikazuchi. Cada Sobrevivente que estiver em uma Zona onde Takemikazuchi entrar, resolve imediatamente 1 Movimento para sair desta Zona, ignorando Zumbis na Zona inicial. Esses Movimentos grátis são resolvidos em qualquer ordem à escolha dos jogadores.",
toyol,Toyol,Toyol,abomination,Frozen Fortress,3,0,1,1,3,5,"For each Wound it would inflict, Toyol instead steals 1 random Equipment card from its target Survivor's inventory. Place these stolen cards near the board, in a pile. The Survivor eliminating Toyol immediately earns all stolen cards. They can reorganize their inventory, for free.","Para cada Ferimento que infligiria, Toyol rouba 1 carta de Equipamento aleatória do inventário do Sobrevivente alvo. Coloque essas cartas roubadas perto do tabuleiro, em uma pilha. O Sobrevivente que eliminar o Toyol ganha imediatamente todas as cartas roubadas. Eles podem reorganizar seu inventário de graça.",https://static.wikia.nocookie.net/zombicide/images/2/22/Toyol_FR.png
yeti,Yeti,Yeti,abomination,Frozen Fortress,1,0,1,1,3,5,"No Line of Sight can be traced to the Yeti, unless a Survivor stands within Range 0-1 of it.","Nenhuma Linha de Visão pode ser traçada para o Yeti, a menos que um Sobrevivente esteja no Alcance 0-1 dele.",https://static.wikia.nocookie.net/zombicide/images/1/1c/Yeti_FR.png
dong_zhuo,Dong Zhuo,Dong Zhuo,abomination,Warlords of the Middle Kingdom,1,0,1,1,3,5,Survivors cannot perform Search Actions as long as Dong Zhuo is on the board.,Sobreviventes não podem realizar Ações de Procura enquanto Dong Zhuo estiver em jogo.,
zhang_jiao,Zhang Jiao,Zhang Jiao,necromancer,Warlords of the Middle Kingdom,1,0,1,1,1,1,"As long as Zhang Jiao is on the board, all Walkers that are eliminated immediately respawn in Zhang Jiao's Zone.","Enquanto Zhang Jiao estiver em jogo, todos os Lerdos eliminados ressurgem na Zona de Zhang Jiao imediatamente.",
fūma_kotarō,Fūma Kotarō,Fūma Kotarō,necromancer,Warlords of the Rising Sun,1,0,1,1,1,1,"Fūma Kotarō provides immunities to all Walkers as long as he is on the board. Every time a Fūma Kotarō Necromancer card is drawn, keep it near the board to remember which immunity (either against Magic, Melee, or Ranged Actions) is provided. Discard the card whenever another Fūma Kotarō Necromancer card is drawn (the Necromancer still gets an extra Activation) or when Fūma Kotarō is eliminated. The corresponding immunity no longer applies.","Fūma Kotarō fornece imunidades a todos os Lerdos enquanto estiver no tabuleiro. Sempre que uma carta de Necromante do Fūma Kotarō for comprada, mantenha-a perto do tabuleiro para lembrar qual imunidade (seja contra Ações de Magia, Corpo a Corpo ou Longa Distância) está sendo fornecida. Descarte a carta sempre que outra carta de Necromante do Fūma Kotarō for comprada (o Necromante ainda recebe uma Ativação extra) ou quando Fūma Kotarō for eliminado. A imunidade correspondente deixa de ser aplicada.",
nothing,Nothing In Sight,Nenhum Zumbi a Vista,,,,,,,,,No Zombies this time.,Nenhum Zumbi desta vez.,
double_spawn,Double Spawn!,Zumbis em Dobro!,,,,,,,,,In the next Spawn draw 2 cards instead 1.,Compre 2 cartas ao invés de 1 na próxima Entrada,
extra_walker,Extra Activation: Walkers!,Ativação Extra: Lerdos!,,,,,,,,,Extra Activation for Walkers.,Ativação Extra para Lerdos.,
extra_brute,Extra Activation: Brutes!,Ativação Extra: Brutos!,,,,,,,,,Extra Activation for Brutes.,Ativação Extra para Brutos.,
extra_runner,Extra Activation: Runners!,Ativação Extra: Corredores!,,,,,,,,,Extra Activation for Runners.,Ativação Extra para Corredores.,
orc_walker_extra,Extra Activation: Orc Walkers!,Ativação Extra: Orcs Lerdos!,,,,,,,,,Extra Activation for Orc Walkers.,Ativação Extra para Orcs Lerdos.,
orc_brute_extra,Extra Activation: Orc Brutes!,Ativação Extra: Orcs Brutos!,,,,,,,,,Extra Activation for Orc Brutes.,Ativação Extra para Orcs Brutos.,
orc_runner_extra,Extra Activation: Orc Runners!,Ativação Extra: Orcs Corredores!,,,,,,,,,Extra Activation for Orc Runners.,Ativação Extra para Orcs Corredores.,
enter_the_horde,Enter the Horde!,Entra a Horda!,,,,,,,,,Put all the Zombies in the Horde in this Spawn Zone.,Coloque todos os Zumbis da Horda nesta Zona de Entrada,
zombie_siege,Zombie Siege!,Cerco Zumbi!,,,,,,,,,Spawn 1 Walker in every Corruption Zone. Then they make free Move Action to climb an Battlement Walkway if they are near one. ,Faça aparecer 1 Lerdo em cada Zona de Corrupção. Então eles realizam uma Ação de Movimento grátis para subir a Passadiço de Ameia se estiverem próximo de algum.,